{
  "launch_success": true,
  "launch_failure_reason": null,
  "launch_max_q_pa": 29268.837732529864,
  "launch_max_g": 4.941956823381455,
  "launch_t_insertion_s": 707.810374391766,
  "launch_parking_perigee_km": 184.9999999945704,
  "launch_parking_apogee_km": 184.9999999945704,
  "tli_dv_ms": 3136.764879309597,
  "closest_approach_km": 6028.145570404868,
  "periapsis_alt_km": 96.96972504544259,
  "mcc_dv_ms": 1.381113307445219,
  "mcc_n_burns": 3,
  "loi_dv_ms": 884.6181597328432,
  "loi_burn_time_s": 370.01218714798836,
  "loi2_circ_dv_ms": 45.0,
  "loi2_burn_time_s": 16.133837728766327,
  "loi_flown": true,
  "lunar_orbit_periselene_km": 97.12839265988721,
  "lunar_orbit_aposelene_km": 102.03443533703894,
  "doi_dv_ms": 19.39237714985029,
  "descent_success": true,
  "descent_reason": "touchdown",
  "fuel_margin_s": 99.66439504334404,
  "prop_remaining_kg": 400.0509886474856,
  "touchdown_v_radial_ms": -2.3711114116095073,
  "touchdown_v_horiz_ms": 0.05009763828749991,
  "land_lat_deg": -13.128542632723303,
  "land_lon_deg": -29.050510107510043,
  "land_downrange_err_m": 4000.0,
  "agc_1202_alarm": false,
  "agc_1202_recovered": true,
  "lr_dropout": false,
  "hard_landing": false,
  "lowlevel_light_early_s": 18.0,
  "ascent_success": true,
  "ascent_alt_km": 131.80894897508622,
  "aps_prop_remaining_kg": 380.0305988779264,
  "rendezvous_dv_required_ms": 30.071992052838294,
  "rendezvous_dv_available_ms": 550.0965320845002,
  "rendezvous_plane_angle_deg": 0.002598817700535685,
  "tei_alignment_cos": 0.9999966686802912,
  "lunar_orbit_handedness": -1.0,
  "tei_dv_ms": 996.377722002563,
  "tei_burn_time_s": 162.0459048629602,
  "tei_ignition_t_s": 498513.6273646026,
  "fpa_at_entry_deg": -6.512896185983415,
  "entry_speed_ms": 11031.163148944483,
  "reached_entry": true,
  "mcc_total_dv_ms": 0.0,
  "ei_lat": 4.0440617969703485,
  "ei_lon": 122.72424041048231,
  "ei_t_s": 713404.9602424185,
  "recovery_zone_lat": 13.479577329769137,
  "recovery_zone_lon": 146.2216517327954,
  "recovery_zone_displacement_km": 0.0602925999782468,
  "entry_success": true,
  "max_g": 8.569518596387928,
  "max_q_pa": 31062.882712021794,
  "splash_lat": 13.488229263054189,
  "splash_lon": 146.2249245029232,
  "splash_miss_km": 1.0262221590231533,
  "full_success": true
}